,Cats,usd_amount,fee,counts,avg_fee_rate,vol_m,fee_m,avg_vol_usd,avg_fee_usd,color
3,ALT-ALT,4794902443.45721,11467245.40867471,156466,0.2391549263806632,4794.902443457209,11.46724540867471,30645.011973573874,73.28905582474601,"(0.6313725490196078, 0.8509803921568627, 0.6078431372549019)"
1,ETH-ALT,2183586566.765628,2004164.3394983076,60203,0.09178314109464943,2183.586566765628,2.0041643394983075,36270.39461099327,33.29010746139408,"(0.9921568627450981, 0.8156862745098039, 0.6352941176470588)"
0,STABLE-ALT,1663554484.7104518,3473789.7655227194,49013,0.2088173124144681,1663.5544847104518,3.4737897655227195,33941.086746586654,70.8748651484855,"(0.9019607843137255, 0.3333333333333333, 0.050980392156862744)"
2,BTC-ALT,30507870.07331093,60821.37135437908,1391,0.19936288966822102,30.50787007331093,0.06082137135437908,21932.32931222928,43.724925488410555,"(0.4549019607843137, 0.7686274509803922, 0.4627450980392157)"
