,Cats,usd_amount,fee,counts,avg_fee_rate,vol_m,fee_m,avg_vol_usd,avg_fee_usd,color
2,ALT-ALT,353877680.70525104,566844.4810037478,1674,0.16018090767241103,353.87768070525107,0.5668444810037477,211396.46398163144,338.61677479315875,"(0.6313725490196078, 0.8509803921568627, 0.6078431372549019)"
0,STABLE-ALT,21372326.91587251,72036.28751335522,592,0.337054022226547,21.37232691587251,0.07203628751335521,36101.90357410897,121.68291809688381,"(0.9019607843137255, 0.3333333333333333, 0.050980392156862744)"
1,ETH-ALT,14966353.608879125,42620.202122267,476,0.2847734540829078,14.966353608879125,0.042620202122267,31441.919346384715,89.53823975266177,"(0.9921568627450981, 0.8156862745098039, 0.6352941176470588)"
