,Cats,usd_amount,fee,counts,avg_fee_rate,vol_m,fee_m,avg_vol_usd,avg_fee_usd,color
6,ETH-ALT,12330064464.787954,20695447.04314466,240154,0.16784540828838698,12330.064464787954,20.695447043144657,51342.32394541817,86.17573325093339,"(0.9921568627450981, 0.8156862745098039, 0.6352941176470588)"
8,ALT-ALT,6597522078.829021,15435390.985005798,194989,0.2339573979530416,6597.522078829022,15.435390985005798,33835.35521916119,79.16031665891819,"(0.6313725490196078, 0.8509803921568627, 0.6078431372549019)"
3,STABLE-ALT,4791029030.432943,10658169.99777189,123170,0.22246097717359814,4791.029030432944,10.658169997771891,38897.69449080899,86.53219126225453,"(0.9019607843137255, 0.3333333333333333, 0.050980392156862744)"
1,STABLE-ETH,3002630440.7566676,4743268.452484812,38779,0.15797043779018974,3002.6304407566677,4.743268452484812,77429.29009919461,122.31538854753376,"(0.6196078431372549, 0.792156862745098, 0.8823529411764706)"
0,STABLE-STABLE,60999194.82816044,118232.49899167652,1516,0.1938263272568545,60.99919482816044,0.11823249899167652,40236.9359024805,77.98977506047264,"(0.4196078431372549, 0.6823529411764706, 0.8392156862745098)"
7,BTC-ALT,36467117.822595626,73899.89090223324,1779,0.2026480163903813,36.467117822595625,0.07389989090223324,20498.660945809796,41.54012979327332,"(0.4549019607843137, 0.7686274509803922, 0.4627450980392157)"
5,ETH-BTC,17864262.54930363,27328.032113449255,555,0.15297598788657826,17.86426254930363,0.027328032113449256,32187.860449195727,49.23969750171037,"(0.9921568627450981, 0.6823529411764706, 0.4196078431372549)"
2,STABLE-BTC,6947948.097662131,13671.436145725285,313,0.19676940520504888,6.947948097662131,0.013671436145725285,22197.917244926935,43.67870973075171,"(0.7764705882352941, 0.8588235294117647, 0.9372549019607843)"
4,ETH-ETH,3395473.9809180396,3563.3668641916165,105,0.10494460815241421,3.3954739809180396,0.0035633668641916164,32337.847437314664,33.93682727801539,"(0.9921568627450981, 0.5529411764705883, 0.23529411764705882)"
